--------------------------------------------------------
--  파일이 생성됨 - 목요일-11월-30-2023   
--------------------------------------------------------
-- USER SQL
CREATE USER "FAKE_TUBE" IDENTIFIED BY "ftpw"  
DEFAULT TABLESPACE "USERS"
TEMPORARY TABLESPACE "TEMP";

-- QUOTAS

-- ROLES
GRANT "CONNECT" TO "FAKE_TUBE" ;
GRANT "RESOURCE" TO "FAKE_TUBE" ;

-- SYSTEM PRIVILEGES
--------------------------------------------------------
--  DDL for Table COMMENTS
--------------------------------------------------------

  CREATE TABLE "FAKE_TUBE"."COMMENTS" 
   (	"CREGDATE" DATE DEFAULT SYSDATE, 
	"COMMENTS" VARCHAR2(1000 BYTE), 
	"MEMBERID" VARCHAR2(100 BYTE), 
	"VIDEOIDX" NUMBER(30,0), 
	"COMMENTIDX" NUMBER(30,0)
   ) SEGMENT CREATION IMMEDIATE 
  PCTFREE 10 PCTUSED 40 INITRANS 1 MAXTRANS 255 NOCOMPRESS LOGGING
  STORAGE(INITIAL 65536 NEXT 1048576 MINEXTENTS 1 MAXEXTENTS 2147483645
  PCTINCREASE 0 FREELISTS 1 FREELIST GROUPS 1 BUFFER_POOL DEFAULT FLASH_CACHE DEFAULT CELL_FLASH_CACHE DEFAULT)
  TABLESPACE "USERS" ;
--------------------------------------------------------
--  DDL for Table C_SUB
--------------------------------------------------------

  CREATE TABLE "FAKE_TUBE"."C_SUB" 
   (	"SUB_PK" NUMBER, 
	"SUB_DATA" VARCHAR2(30 BYTE), 
	"SUB_FK" NUMBER
   ) SEGMENT CREATION IMMEDIATE 
  PCTFREE 10 PCTUSED 40 INITRANS 1 MAXTRANS 255 NOCOMPRESS LOGGING
  STORAGE(INITIAL 65536 NEXT 1048576 MINEXTENTS 1 MAXEXTENTS 2147483645
  PCTINCREASE 0 FREELISTS 1 FREELIST GROUPS 1 BUFFER_POOL DEFAULT FLASH_CACHE DEFAULT CELL_FLASH_CACHE DEFAULT)
  TABLESPACE "USERS" ;
--------------------------------------------------------
--  DDL for Table LIKES
--------------------------------------------------------

  CREATE TABLE "FAKE_TUBE"."LIKES" 
   (	"MEMBERID" VARCHAR2(100 BYTE), 
	"VIDEOIDX" NUMBER(30,0), 
	"LIKES" NUMBER(30,0) DEFAULT 0
   ) SEGMENT CREATION IMMEDIATE 
  PCTFREE 10 PCTUSED 40 INITRANS 1 MAXTRANS 255 NOCOMPRESS LOGGING
  STORAGE(INITIAL 65536 NEXT 1048576 MINEXTENTS 1 MAXEXTENTS 2147483645
  PCTINCREASE 0 FREELISTS 1 FREELIST GROUPS 1 BUFFER_POOL DEFAULT FLASH_CACHE DEFAULT CELL_FLASH_CACHE DEFAULT)
  TABLESPACE "USERS" ;
--------------------------------------------------------
--  DDL for Table MEMBERS
--------------------------------------------------------

  CREATE TABLE "FAKE_TUBE"."MEMBERS" 
   (	"MEMBERID" VARCHAR2(100 BYTE), 
	"NAME" VARCHAR2(100 BYTE), 
	"TITLE" VARCHAR2(100 BYTE), 
	"REGDATE" DATE DEFAULT SYSDATE, 
	"PWD" VARCHAR2(100 BYTE), 
	"IMAGE" VARCHAR2(500 BYTE), 
	"EMAIL" VARCHAR2(100 BYTE), 
	"STATUS" NUMBER(10,0) DEFAULT 1, 
	"LOGDATE" DATE DEFAULT SYSDATE, 
	"BIRTH" DATE
   ) SEGMENT CREATION IMMEDIATE 
  PCTFREE 10 PCTUSED 40 INITRANS 1 MAXTRANS 255 NOCOMPRESS LOGGING
  STORAGE(INITIAL 65536 NEXT 1048576 MINEXTENTS 1 MAXEXTENTS 2147483645
  PCTINCREASE 0 FREELISTS 1 FREELIST GROUPS 1 BUFFER_POOL DEFAULT FLASH_CACHE DEFAULT CELL_FLASH_CACHE DEFAULT)
  TABLESPACE "USERS" ;
--------------------------------------------------------
--  DDL for Table QNA
--------------------------------------------------------

  CREATE TABLE "FAKE_TUBE"."QNA" 
   (	"MEMBERID" VARCHAR2(100 BYTE), 
	"QTITLE" VARCHAR2(100 BYTE), 
	"CONTENT" VARCHAR2(1000 BYTE), 
	"SEQ" NUMBER(5,0), 
	"QREGDATE" DATE DEFAULT SYSDATE, 
	"SECRET" VARCHAR2(5 BYTE), 
	"CNT" NUMBER(5,0) DEFAULT 0
   ) SEGMENT CREATION IMMEDIATE 
  PCTFREE 10 PCTUSED 40 INITRANS 1 MAXTRANS 255 NOCOMPRESS LOGGING
  STORAGE(INITIAL 65536 NEXT 1048576 MINEXTENTS 1 MAXEXTENTS 2147483645
  PCTINCREASE 0 FREELISTS 1 FREELIST GROUPS 1 BUFFER_POOL DEFAULT FLASH_CACHE DEFAULT CELL_FLASH_CACHE DEFAULT)
  TABLESPACE "USERS" ;
--------------------------------------------------------
--  DDL for Table SUB
--------------------------------------------------------

  CREATE TABLE "FAKE_TUBE"."SUB" 
   (	"MEMBERID" VARCHAR2(100 BYTE), 
	"SUBSCRIBEID" VARCHAR2(100 BYTE), 
	"SREGDATE" DATE DEFAULT SYSDATE
   ) SEGMENT CREATION IMMEDIATE 
  PCTFREE 10 PCTUSED 40 INITRANS 1 MAXTRANS 255 NOCOMPRESS LOGGING
  STORAGE(INITIAL 65536 NEXT 1048576 MINEXTENTS 1 MAXEXTENTS 2147483645
  PCTINCREASE 0 FREELISTS 1 FREELIST GROUPS 1 BUFFER_POOL DEFAULT FLASH_CACHE DEFAULT CELL_FLASH_CACHE DEFAULT)
  TABLESPACE "USERS" ;
--------------------------------------------------------
--  DDL for Table VIDEO
--------------------------------------------------------

  CREATE TABLE "FAKE_TUBE"."VIDEO" 
   (	"MEMBERID" VARCHAR2(100 BYTE), 
	"VIDEOIDX" NUMBER(30,0), 
	"VTITLE" VARCHAR2(100 BYTE), 
	"GENRE" VARCHAR2(100 BYTE), 
	"VIMAGE" VARCHAR2(500 BYTE), 
	"VIDEO" VARCHAR2(1000 BYTE), 
	"DESCRIPTION" VARCHAR2(300 BYTE), 
	"VREGDATE" DATE DEFAULT SYSDATE, 
	"VIEWS" NUMBER(30,0) DEFAULT 0
   ) SEGMENT CREATION IMMEDIATE 
  PCTFREE 10 PCTUSED 40 INITRANS 1 MAXTRANS 255 NOCOMPRESS LOGGING
  STORAGE(INITIAL 65536 NEXT 1048576 MINEXTENTS 1 MAXEXTENTS 2147483645
  PCTINCREASE 0 FREELISTS 1 FREELIST GROUPS 1 BUFFER_POOL DEFAULT FLASH_CACHE DEFAULT CELL_FLASH_CACHE DEFAULT)
  TABLESPACE "USERS" ;
REM INSERTING into FAKE_TUBE.COMMENTS
SET DEFINE OFF;
Insert into FAKE_TUBE.COMMENTS (CREGDATE,COMMENTS,MEMBERID,VIDEOIDX,COMMENTIDX) values (to_date('23/11/28','RR/MM/DD'),'테스트댓글','test',10,1);
Insert into FAKE_TUBE.COMMENTS (CREGDATE,COMMENTS,MEMBERID,VIDEOIDX,COMMENTIDX) values (to_date('23/11/24','RR/MM/DD'),'테스트 댓글2','test',10,2);
Insert into FAKE_TUBE.COMMENTS (CREGDATE,COMMENTS,MEMBERID,VIDEOIDX,COMMENTIDX) values (to_date('23/11/30','RR/MM/DD'),'테스트댓글3333','test',6,4);
Insert into FAKE_TUBE.COMMENTS (CREGDATE,COMMENTS,MEMBERID,VIDEOIDX,COMMENTIDX) values (to_date('23/11/30','RR/MM/DD'),'안녕하세요.','test4',10,5);
Insert into FAKE_TUBE.COMMENTS (CREGDATE,COMMENTS,MEMBERID,VIDEOIDX,COMMENTIDX) values (to_date('23/11/15','RR/MM/DD'),'반갑습니다.
','test4',10,6);
Insert into FAKE_TUBE.COMMENTS (CREGDATE,COMMENTS,MEMBERID,VIDEOIDX,COMMENTIDX) values (to_date('23/11/15','RR/MM/DD'),'재밌네요','test4',10,7);
REM INSERTING into FAKE_TUBE.C_SUB
SET DEFINE OFF;
Insert into FAKE_TUBE.C_SUB (SUB_PK,SUB_DATA,SUB_FK) values (1,'1踰  SUB',1111);
Insert into FAKE_TUBE.C_SUB (SUB_PK,SUB_DATA,SUB_FK) values (2,'2踰  SUB',2222);
Insert into FAKE_TUBE.C_SUB (SUB_PK,SUB_DATA,SUB_FK) values (3,'3踰  SUB',3333);
Insert into FAKE_TUBE.C_SUB (SUB_PK,SUB_DATA,SUB_FK) values (4,'4踰  SUB',3333);
REM INSERTING into FAKE_TUBE.LIKES
SET DEFINE OFF;
Insert into FAKE_TUBE.LIKES (MEMBERID,VIDEOIDX,LIKES) values ('test2',3,1);
Insert into FAKE_TUBE.LIKES (MEMBERID,VIDEOIDX,LIKES) values ('test3',3,1);
Insert into FAKE_TUBE.LIKES (MEMBERID,VIDEOIDX,LIKES) values ('test',9,1);
Insert into FAKE_TUBE.LIKES (MEMBERID,VIDEOIDX,LIKES) values ('test',3,1);
REM INSERTING into FAKE_TUBE.MEMBERS
SET DEFINE OFF;
Insert into FAKE_TUBE.MEMBERS (MEMBERID,NAME,TITLE,REGDATE,PWD,IMAGE,EMAIL,STATUS,LOGDATE,BIRTH) values ('test','테스트','테스트 채널',to_date('23/11/29','RR/MM/DD'),'123456','5d958f30-8f16-4c20-b26a-ccc1ea68e9c1','test@test.com',1,to_date('23/11/30','RR/MM/DD'),to_date('00/12/31','RR/MM/DD'));
Insert into FAKE_TUBE.MEMBERS (MEMBERID,NAME,TITLE,REGDATE,PWD,IMAGE,EMAIL,STATUS,LOGDATE,BIRTH) values ('test2','테스트2','테스트2',to_date('23/11/29','RR/MM/DD'),'123456','51120201-256e-469b-803b-f1a4b1aea185_.jpg','test2@test.com',1,to_date('23/11/30','RR/MM/DD'),to_date('23/11/01','RR/MM/DD'));
Insert into FAKE_TUBE.MEMBERS (MEMBERID,NAME,TITLE,REGDATE,PWD,IMAGE,EMAIL,STATUS,LOGDATE,BIRTH) values ('test3','테스트3','테스트채널3',to_date('23/11/29','RR/MM/DD'),'123456','a5ad060b-22b1-4e96-9b26-e9ffc9a013e9','test3@test.com',1,to_date('23/11/29','RR/MM/DD'),to_date('23/11/01','RR/MM/DD'));
Insert into FAKE_TUBE.MEMBERS (MEMBERID,NAME,TITLE,REGDATE,PWD,IMAGE,EMAIL,STATUS,LOGDATE,BIRTH) values ('test4','테스트4','테스트채널',to_date('23/11/29','RR/MM/DD'),'123456','a16e0bc7-2790-4450-98ef-198dd1788fd4','zoselro@naver.com',1,to_date('23/11/30','RR/MM/DD'),to_date('23/11/03','RR/MM/DD'));
Insert into FAKE_TUBE.MEMBERS (MEMBERID,NAME,TITLE,REGDATE,PWD,IMAGE,EMAIL,STATUS,LOGDATE,BIRTH) values ('admin','관리자','관리자채널',to_date('23/11/29','RR/MM/DD'),'123456','8ad2bb8b-54e5-4f69-91ee-08cfbcfba00c_1.jpg','admin@test.com',0,to_date('23/11/30','RR/MM/DD'),to_date('23/11/09','RR/MM/DD'));
Insert into FAKE_TUBE.MEMBERS (MEMBERID,NAME,TITLE,REGDATE,PWD,IMAGE,EMAIL,STATUS,LOGDATE,BIRTH) values ('test6','김주현','채널테스트',to_date('23/11/30','RR/MM/DD'),'123456','a2bf93c9-06fb-4776-8c27-221b9f1621ae_cat1.jpg','kim10yt@naver.com',2,to_date('23/11/30','RR/MM/DD'),to_date('23/11/22','RR/MM/DD'));
REM INSERTING into FAKE_TUBE.QNA
SET DEFINE OFF;
Insert into FAKE_TUBE.QNA (MEMBERID,QTITLE,CONTENT,SEQ,QREGDATE,SECRET,CNT) values ('test','제목','내용',1,to_date('23/11/30','RR/MM/DD'),'N',3);
Insert into FAKE_TUBE.QNA (MEMBERID,QTITLE,CONTENT,SEQ,QREGDATE,SECRET,CNT) values ('test','테스트1','테스트11',2,to_date('23/11/30','RR/MM/DD'),'N',14);
Insert into FAKE_TUBE.QNA (MEMBERID,QTITLE,CONTENT,SEQ,QREGDATE,SECRET,CNT) values ('test','테스트3','내용',3,to_date('23/11/30','RR/MM/DD'),'Y',6);
Insert into FAKE_TUBE.QNA (MEMBERID,QTITLE,CONTENT,SEQ,QREGDATE,SECRET,CNT) values ('test4','테스트용 문의','테스트!',5,to_date('23/11/30','RR/MM/DD'),'N',1);
Insert into FAKE_TUBE.QNA (MEMBERID,QTITLE,CONTENT,SEQ,QREGDATE,SECRET,CNT) values ('test4','테스트용제목','내용',4,to_date('23/11/30','RR/MM/DD'),'N',1);
REM INSERTING into FAKE_TUBE.SUB
SET DEFINE OFF;
Insert into FAKE_TUBE.SUB (MEMBERID,SUBSCRIBEID,SREGDATE) values ('test4','test2',to_date('23/11/30','RR/MM/DD'));
Insert into FAKE_TUBE.SUB (MEMBERID,SUBSCRIBEID,SREGDATE) values ('test2','test',to_date('23/11/29','RR/MM/DD'));
Insert into FAKE_TUBE.SUB (MEMBERID,SUBSCRIBEID,SREGDATE) values ('test4','test',to_date('23/11/30','RR/MM/DD'));
Insert into FAKE_TUBE.SUB (MEMBERID,SUBSCRIBEID,SREGDATE) values ('test3','test4',to_date('23/11/29','RR/MM/DD'));
Insert into FAKE_TUBE.SUB (MEMBERID,SUBSCRIBEID,SREGDATE) values ('test3','test2',to_date('23/11/29','RR/MM/DD'));
Insert into FAKE_TUBE.SUB (MEMBERID,SUBSCRIBEID,SREGDATE) values ('test3','test',to_date('23/11/29','RR/MM/DD'));
Insert into FAKE_TUBE.SUB (MEMBERID,SUBSCRIBEID,SREGDATE) values ('test','test3',to_date('23/11/30','RR/MM/DD'));
Insert into FAKE_TUBE.SUB (MEMBERID,SUBSCRIBEID,SREGDATE) values ('test4','test3',to_date('23/11/30','RR/MM/DD'));
REM INSERTING into FAKE_TUBE.VIDEO
SET DEFINE OFF;
Insert into FAKE_TUBE.VIDEO (MEMBERID,VIDEOIDX,VTITLE,GENRE,VIMAGE,VIDEO,DESCRIPTION,VREGDATE,VIEWS) values ('test2',3,'test','게임','1701248534695_aaaa.jpg','1701248534688_.mp4','test',to_date('23/11/29','RR/MM/DD'),26);
Insert into FAKE_TUBE.VIDEO (MEMBERID,VIDEOIDX,VTITLE,GENRE,VIMAGE,VIDEO,DESCRIPTION,VREGDATE,VIEWS) values ('test3',4,'test3','게임','1701252495252_6.png','1701252495251__.mp4','test3333',to_date('23/11/29','RR/MM/DD'),55);
Insert into FAKE_TUBE.VIDEO (MEMBERID,VIDEOIDX,VTITLE,GENRE,VIMAGE,VIDEO,DESCRIPTION,VREGDATE,VIEWS) values ('test3',9,'테스트입니다','만화','1701254780382_9.png','1701254780381_shorts.mp4','테스트테스트1!!!!!',to_date('23/11/29','RR/MM/DD'),16);
Insert into FAKE_TUBE.VIDEO (MEMBERID,VIDEOIDX,VTITLE,GENRE,VIMAGE,VIDEO,DESCRIPTION,VREGDATE,VIEWS) values ('test4',6,'100원짜리 계란 볶음밥','게임','1701254610689_3.png','1701254610688_100.mp4','테스트',to_date('23/11/29','RR/MM/DD'),14);
Insert into FAKE_TUBE.VIDEO (MEMBERID,VIDEOIDX,VTITLE,GENRE,VIMAGE,VIDEO,DESCRIPTION,VREGDATE,VIEWS) values ('test4',10,'테스트테스트','게임','1701258076315_7.png','1701258076314_.mp4','테스트세트스으',to_date('23/11/29','RR/MM/DD'),21);
--------------------------------------------------------
--  DDL for Index VIDEO_PK
--------------------------------------------------------

  CREATE UNIQUE INDEX "FAKE_TUBE"."VIDEO_PK" ON "FAKE_TUBE"."VIDEO" ("VIDEOIDX") 
  PCTFREE 10 INITRANS 2 MAXTRANS 255 COMPUTE STATISTICS 
  STORAGE(INITIAL 65536 NEXT 1048576 MINEXTENTS 1 MAXEXTENTS 2147483645
  PCTINCREASE 0 FREELISTS 1 FREELIST GROUPS 1 BUFFER_POOL DEFAULT FLASH_CACHE DEFAULT CELL_FLASH_CACHE DEFAULT)
  TABLESPACE "USERS" ;
--------------------------------------------------------
--  DDL for Index QNA_PK
--------------------------------------------------------

  CREATE UNIQUE INDEX "FAKE_TUBE"."QNA_PK" ON "FAKE_TUBE"."QNA" ("SEQ") 
  PCTFREE 10 INITRANS 2 MAXTRANS 255 COMPUTE STATISTICS 
  STORAGE(INITIAL 65536 NEXT 1048576 MINEXTENTS 1 MAXEXTENTS 2147483645
  PCTINCREASE 0 FREELISTS 1 FREELIST GROUPS 1 BUFFER_POOL DEFAULT FLASH_CACHE DEFAULT CELL_FLASH_CACHE DEFAULT)
  TABLESPACE "USERS" ;
--------------------------------------------------------
--  DDL for Index MEMBERS_PK
--------------------------------------------------------

  CREATE UNIQUE INDEX "FAKE_TUBE"."MEMBERS_PK" ON "FAKE_TUBE"."MEMBERS" ("MEMBERID") 
  PCTFREE 10 INITRANS 2 MAXTRANS 255 COMPUTE STATISTICS 
  STORAGE(INITIAL 65536 NEXT 1048576 MINEXTENTS 1 MAXEXTENTS 2147483645
  PCTINCREASE 0 FREELISTS 1 FREELIST GROUPS 1 BUFFER_POOL DEFAULT FLASH_CACHE DEFAULT CELL_FLASH_CACHE DEFAULT)
  TABLESPACE "USERS" ;
--------------------------------------------------------
--  DDL for Index MEMBERS_UK1
--------------------------------------------------------

  CREATE UNIQUE INDEX "FAKE_TUBE"."MEMBERS_UK1" ON "FAKE_TUBE"."MEMBERS" ("EMAIL") 
  PCTFREE 10 INITRANS 2 MAXTRANS 255 COMPUTE STATISTICS 
  STORAGE(INITIAL 65536 NEXT 1048576 MINEXTENTS 1 MAXEXTENTS 2147483645
  PCTINCREASE 0 FREELISTS 1 FREELIST GROUPS 1 BUFFER_POOL DEFAULT FLASH_CACHE DEFAULT CELL_FLASH_CACHE DEFAULT)
  TABLESPACE "USERS" ;
--------------------------------------------------------
--  Constraints for Table LIKES
--------------------------------------------------------

  ALTER TABLE "FAKE_TUBE"."LIKES" MODIFY ("VIDEOIDX" NOT NULL ENABLE);
  ALTER TABLE "FAKE_TUBE"."LIKES" MODIFY ("MEMBERID" NOT NULL ENABLE);
--------------------------------------------------------
--  Constraints for Table COMMENTS
--------------------------------------------------------

  ALTER TABLE "FAKE_TUBE"."COMMENTS" MODIFY ("COMMENTIDX" NOT NULL ENABLE);
  ALTER TABLE "FAKE_TUBE"."COMMENTS" MODIFY ("CREGDATE" NOT NULL ENABLE);
  ALTER TABLE "FAKE_TUBE"."COMMENTS" MODIFY ("COMMENTS" NOT NULL ENABLE);
  ALTER TABLE "FAKE_TUBE"."COMMENTS" MODIFY ("MEMBERID" NOT NULL ENABLE);
  ALTER TABLE "FAKE_TUBE"."COMMENTS" MODIFY ("VIDEOIDX" NOT NULL ENABLE);
--------------------------------------------------------
--  Constraints for Table SUB
--------------------------------------------------------

  ALTER TABLE "FAKE_TUBE"."SUB" MODIFY ("MEMBERID" NOT NULL ENABLE);
  ALTER TABLE "FAKE_TUBE"."SUB" MODIFY ("SUBSCRIBEID" NOT NULL ENABLE);
--------------------------------------------------------
--  Constraints for Table MEMBERS
--------------------------------------------------------

  ALTER TABLE "FAKE_TUBE"."MEMBERS" MODIFY ("MEMBERID" NOT NULL ENABLE);
  ALTER TABLE "FAKE_TUBE"."MEMBERS" MODIFY ("NAME" NOT NULL ENABLE);
  ALTER TABLE "FAKE_TUBE"."MEMBERS" MODIFY ("BIRTH" NOT NULL ENABLE);
  ALTER TABLE "FAKE_TUBE"."MEMBERS" MODIFY ("REGDATE" NOT NULL ENABLE);
  ALTER TABLE "FAKE_TUBE"."MEMBERS" MODIFY ("PWD" NOT NULL ENABLE);
  ALTER TABLE "FAKE_TUBE"."MEMBERS" MODIFY ("EMAIL" NOT NULL ENABLE);
  ALTER TABLE "FAKE_TUBE"."MEMBERS" MODIFY ("STATUS" NOT NULL ENABLE);
  ALTER TABLE "FAKE_TUBE"."MEMBERS" ADD CONSTRAINT "MEMBERS_PK" PRIMARY KEY ("MEMBERID")
  USING INDEX PCTFREE 10 INITRANS 2 MAXTRANS 255 COMPUTE STATISTICS 
  STORAGE(INITIAL 65536 NEXT 1048576 MINEXTENTS 1 MAXEXTENTS 2147483645
  PCTINCREASE 0 FREELISTS 1 FREELIST GROUPS 1 BUFFER_POOL DEFAULT FLASH_CACHE DEFAULT CELL_FLASH_CACHE DEFAULT)
  TABLESPACE "USERS"  ENABLE;
  ALTER TABLE "FAKE_TUBE"."MEMBERS" ADD CONSTRAINT "MEMBERS_UK1" UNIQUE ("EMAIL")
  USING INDEX PCTFREE 10 INITRANS 2 MAXTRANS 255 COMPUTE STATISTICS 
  STORAGE(INITIAL 65536 NEXT 1048576 MINEXTENTS 1 MAXEXTENTS 2147483645
  PCTINCREASE 0 FREELISTS 1 FREELIST GROUPS 1 BUFFER_POOL DEFAULT FLASH_CACHE DEFAULT CELL_FLASH_CACHE DEFAULT)
  TABLESPACE "USERS"  ENABLE;
--------------------------------------------------------
--  Constraints for Table QNA
--------------------------------------------------------

  ALTER TABLE "FAKE_TUBE"."QNA" MODIFY ("CONTENT" NOT NULL ENABLE);
  ALTER TABLE "FAKE_TUBE"."QNA" MODIFY ("QTITLE" NOT NULL ENABLE);
  ALTER TABLE "FAKE_TUBE"."QNA" MODIFY ("SEQ" NOT NULL ENABLE);
  ALTER TABLE "FAKE_TUBE"."QNA" MODIFY ("QREGDATE" NOT NULL ENABLE);
  ALTER TABLE "FAKE_TUBE"."QNA" ADD CONSTRAINT "QNA_PK" PRIMARY KEY ("SEQ")
  USING INDEX PCTFREE 10 INITRANS 2 MAXTRANS 255 COMPUTE STATISTICS 
  STORAGE(INITIAL 65536 NEXT 1048576 MINEXTENTS 1 MAXEXTENTS 2147483645
  PCTINCREASE 0 FREELISTS 1 FREELIST GROUPS 1 BUFFER_POOL DEFAULT FLASH_CACHE DEFAULT CELL_FLASH_CACHE DEFAULT)
  TABLESPACE "USERS"  ENABLE;
--------------------------------------------------------
--  Constraints for Table VIDEO
--------------------------------------------------------

  ALTER TABLE "FAKE_TUBE"."VIDEO" MODIFY ("VIEWS" NOT NULL ENABLE);
  ALTER TABLE "FAKE_TUBE"."VIDEO" MODIFY ("MEMBERID" NOT NULL ENABLE);
  ALTER TABLE "FAKE_TUBE"."VIDEO" MODIFY ("VIDEOIDX" NOT NULL ENABLE);
  ALTER TABLE "FAKE_TUBE"."VIDEO" MODIFY ("VTITLE" NOT NULL ENABLE);
  ALTER TABLE "FAKE_TUBE"."VIDEO" MODIFY ("GENRE" NOT NULL ENABLE);
  ALTER TABLE "FAKE_TUBE"."VIDEO" MODIFY ("VIDEO" NOT NULL ENABLE);
  ALTER TABLE "FAKE_TUBE"."VIDEO" MODIFY ("VREGDATE" NOT NULL ENABLE);
  ALTER TABLE "FAKE_TUBE"."VIDEO" ADD CONSTRAINT "VIDEO_PK" PRIMARY KEY ("VIDEOIDX")
  USING INDEX PCTFREE 10 INITRANS 2 MAXTRANS 255 COMPUTE STATISTICS 
  STORAGE(INITIAL 65536 NEXT 1048576 MINEXTENTS 1 MAXEXTENTS 2147483645
  PCTINCREASE 0 FREELISTS 1 FREELIST GROUPS 1 BUFFER_POOL DEFAULT FLASH_CACHE DEFAULT CELL_FLASH_CACHE DEFAULT)
  TABLESPACE "USERS"  ENABLE;
--------------------------------------------------------
--  Constraints for Table C_SUB
--------------------------------------------------------

  ALTER TABLE "FAKE_TUBE"."C_SUB" ADD PRIMARY KEY ("SUB_PK")
  USING INDEX PCTFREE 10 INITRANS 2 MAXTRANS 255 COMPUTE STATISTICS 
  STORAGE(INITIAL 65536 NEXT 1048576 MINEXTENTS 1 MAXEXTENTS 2147483645
  PCTINCREASE 0 FREELISTS 1 FREELIST GROUPS 1 BUFFER_POOL DEFAULT FLASH_CACHE DEFAULT CELL_FLASH_CACHE DEFAULT)
  TABLESPACE "USERS"  ENABLE;
--------------------------------------------------------
--  Ref Constraints for Table COMMENTS
--------------------------------------------------------

  ALTER TABLE "FAKE_TUBE"."COMMENTS" ADD CONSTRAINT "SYS004" FOREIGN KEY ("MEMBERID")
	  REFERENCES "FAKE_TUBE"."MEMBERS" ("MEMBERID") ON DELETE CASCADE ENABLE;
  ALTER TABLE "FAKE_TUBE"."COMMENTS" ADD CONSTRAINT "SYS005" FOREIGN KEY ("VIDEOIDX")
	  REFERENCES "FAKE_TUBE"."VIDEO" ("VIDEOIDX") ON DELETE CASCADE ENABLE;
--------------------------------------------------------
--  Ref Constraints for Table LIKES
--------------------------------------------------------

  ALTER TABLE "FAKE_TUBE"."LIKES" ADD CONSTRAINT "SYS_MID" FOREIGN KEY ("MEMBERID")
	  REFERENCES "FAKE_TUBE"."MEMBERS" ("MEMBERID") ON DELETE CASCADE ENABLE;
  ALTER TABLE "FAKE_TUBE"."LIKES" ADD CONSTRAINT "SYS_VIDX" FOREIGN KEY ("VIDEOIDX")
	  REFERENCES "FAKE_TUBE"."VIDEO" ("VIDEOIDX") ON DELETE CASCADE ENABLE;
--------------------------------------------------------
--  Ref Constraints for Table QNA
--------------------------------------------------------

  ALTER TABLE "FAKE_TUBE"."QNA" ADD CONSTRAINT "SYS006" FOREIGN KEY ("MEMBERID")
	  REFERENCES "FAKE_TUBE"."MEMBERS" ("MEMBERID") ON DELETE CASCADE ENABLE;
--------------------------------------------------------
--  Ref Constraints for Table SUB
--------------------------------------------------------

  ALTER TABLE "FAKE_TUBE"."SUB" ADD CONSTRAINT "SYS002" FOREIGN KEY ("MEMBERID")
	  REFERENCES "FAKE_TUBE"."MEMBERS" ("MEMBERID") ON DELETE CASCADE ENABLE;
  ALTER TABLE "FAKE_TUBE"."SUB" ADD CONSTRAINT "SYS003" FOREIGN KEY ("SUBSCRIBEID")
	  REFERENCES "FAKE_TUBE"."MEMBERS" ("MEMBERID") ON DELETE CASCADE ENABLE;
--------------------------------------------------------
--  Ref Constraints for Table VIDEO
--------------------------------------------------------

  ALTER TABLE "FAKE_TUBE"."VIDEO" ADD CONSTRAINT "SYS001" FOREIGN KEY ("MEMBERID")
	  REFERENCES "FAKE_TUBE"."MEMBERS" ("MEMBERID") ON DELETE CASCADE ENABLE;
